model,accuracy,precision,recall,f1,auc
DNN,0.3125,0.2857142857142857,0.25,0.26666666666666666,0.265625
XGBoost,0.5,0.5,0.5,0.5,0.515625
RandomForest,0.5625,0.5555555555555556,0.625,0.5882352941176471,0.546875
LightGBM,0.5625,0.5555555555555556,0.625,0.5882352941176471,0.578125
Ensemble,0.5,0.5,0.5,0.5,0.453125
